AREA_NM,PBLPRFR_ND_DSPY_GOODS_CD,PBLPRFR_ND_DSPY_GOODS_NM,PBLPRFR_ND_DSPY_GOODS_ADDR,PBLPRFR_ND_DSPY_GOODS_RNEWL_DE
강원 강릉시,11542,[강원 강릉] 환희 컵 : 이색박물관,강원 강릉시 한밭골길 76-29,20210330
강원 강릉시,32188,[강원 강릉] 하슬라 아트월드 : 이색전시,강원 강릉시 강동면 율곡로 1441,20210330
강원 강릉시,32609,[강원 강릉] 커피커퍼 경포/왕산점 : 이색박물관,강원 강릉시 해안로 341,20210330
강원 강릉시,46714,[강원 강릉] 커피커퍼 박물관 왕산점/경포점 핫딜★,강원 강릉시 해안로 341,20210330
강원 강릉시,53640,[야놀자X강원도] 하슬라 아트월드 : 이색전시,강원 강릉시 강동면 율곡로 1441,20210330
강원 강릉시,53943,[야놀자x강원도특가] 커피커퍼 경포점,강원 강릉시 해안로 341,20210330
강원 강릉시,58668,[강원 강릉] 하슬라 아트월드 : 이색전시 ★특가,강원 강릉시 강동면 율곡로 1441,20210330
강원 강릉시,63891,[강릉]환타지컵 박물관 + 장길환 미술관,강원 강릉시 해안로 10,20210330
강원 삼척시,36261,[강원 삼척] 강원종합박물관,강원 삼척시 신기면 강원남부로 3016,20210330
강원 영월군,46778,[강원 영월] 영월투어패스+젊은달 와이파크PKG,강원 영월군 김삿갓면 진별리 산 262,20210330
강원 영월군,53201,[강원 영월] 영월투어패스+젊은달 와이파크PKG,강원 영월군 김삿갓면 진별리 산 262,20210330
강원 정선군,29546,[강원 정선] 삼탄아트마인,강원 정선군 고한읍 함백산로 1445-44,20210330
강원 춘천시,38206,[강원 춘천] 애니메이션 박물관 + 토이로봇관 통합권,강원 춘천시 서면 박사로 854,20210330
강원 춘천시,42609,[강원 춘천] 애니메이션 박물관 + 토이로봇관,강원 춘천시 서면 박사로 854,20210330
강원 홍천군,46173,[강원 홍천] 2019 썸머미션 대명 오션월드 오션페스타,강원 홍천군 서면 한치골길 262,20210330
강원 홍천군,46299,[강원 홍천] 2019 썸머미션 대명 오션월드 오션페스타,강원 홍천군 서면 한치골길 262,20210330
경기 가평군,20697,[경기 가평] 인터렉티브 아트 뮤지엄,경기 가평군 가평읍 호반로 1655,20210330
경기 가평군,39722,"[경기 가평] 마상공연, 조라&지미 퍼니쇼!",경기 가평군 가평읍 달전리 99-4,20210330
경기 고양시,48618,[경기 일산] 킨텍스 견생사진관,경기 고양시 일산동구 중앙로1275번길 56,20210330
경기 남양주시,39329,[경기 남양주] 서호미술관,경기 남양주시 화도읍 북한강로 1344,20210330
경기 남양주시,39564,[경기 남양주] 모란 미술관,경기 남양주시 화도읍 경춘로2110번길 8,20210330
경기 남양주시,40033,[경기 남양주] 프라움 악기박물관,경기 남양주시 와부읍 경강로 756,20210330
경기 남양주시,42545,[경기 남양주] 모란 미술관,경기 남양주시 화도읍 경춘로2110번길 8,20210330
경기 남양주시,42656,[경기 남양주] 프라움 악기박물관,경기 남양주시 와부읍 경강로 756,20210330
경기 남양주시,42702,[경기 남양주] 서호미술관,경기 남양주시 화도읍 북한강로 1344,20210330
경기 부천시,47920,[부천] 아인스월드 세계야경 판타지 빛축제 야간 입장권,경기 부천시 도약로 1,20210330
경기 부천시,47941,[경기 부천] 플레이아쿠아리움 입장권 + 아인스월드 주간권,경기 부천시 도약로 1,20210330
경기 부천시,47942,[경기 부천]아인스월드 야간 빛축제+부천아쿠아리움PKG,경기 부천시 도약로 1,20210330
경기 부천시,47955,[경기 부천]1+1특가★아인스월드 세계야경 빛축제 야간 입장권,경기 부천시 도약로 1,20210330
경기 수원시,39911,[경기 수원] 인생사진관2,경기 수원시 팔달구 동수원로 397,20210330
경기 안산시,44277,[경기 안산] 대부도 동춘서커스,경기 안산시 단원구 대부황금로 1432,20210330
경기 안산시,46755,[경기 안산] 동춘서커스,경기 안산시 단원구 대부황금로 1432,20210330
경기 안산시,49760,[경기 안산] 동춘서커스,경기 안산시 단원구 대부황금로 1432,20210330
경기 안산시,55105,[경기 안산] 동춘서커스,경기 안산시 단원구 대부황금로 1432,20210330
경기 안산시,57470,[경기 안산] 동춘서커스,경기 안산시 단원구 대부황금로 1432,20210330
경기 안산시,64126,[경기 안산] 대부도 동춘서커스 (2/4~6/30),경기 안산시 단원구 대부북동 1849-31,20210330
경기 안성시,48663,[경기 안성] 아트항공레저,경기 안성시 공도읍 신두만곡로 250-91,20210330
경기 양평군,19407,[경기 양평] 추억의 청춘뮤지엄,경기 양평군 용문면 용문산로 620,20210330
경기 양평군,57496,[경기 양평] 청춘뮤지엄,경기 양평군 용문면 용문산로 620,20210330
경기 양평군,58701,[경기 양평] 청춘뮤지엄+인기관광 패키지,경기 양평군 용문면 용문산로 620,20210330
경기 여주시,108,[경기 여주] 쎈토이 뮤지엄 입장권(키덜트),경기 여주시 명품1로 42-9,20210330
경기 이천시,46550,[경기 이천] 미란다 스파플러스+공룡수목원 PKG,경기 이천시 중리천로115번길 45,20210330
경기 이천시,50530,[경기 이천] 미란다 스파플러스+공룡수목원 PKG,경기 이천시 안흥동 108-1,20210330
경기 파주시,24464,[경기 파주] 헤이리 팝트릭아트 93뮤지엄,경기 파주시 탄현면 헤이리마을길 59-58,20210330
경기 파주시,36085,[경기 파주] 메디테리움 의학박물관,경기 파주시 회동길 338,20210330
경기 파주시,40334,[경기 파주] 아스카게임박물관(키덜트),경기 파주시 탄현면 헤이리마을길 59-101,20210330
경기 파주시,45524,[경기 파주] 대중문화수집관 레트로보이즈,경기 파주시 탄현면 헤이리마을길 59-101,20210330
경기 파주시,45736,[경기 파주] 아스카 게임박물관 + 대중문화수집관(레트로보이즈),"경기 파주시 탄현면 헤이리마을길 59-101 (헤이리 케이트 4,5번에서 200m 1층 아스카 게임박물관)",20210330
경기 파주시,46149,[경기 파주] 잇츠콜라 박물관,경기 파주시 탄현면 헤이리마을길 76-40,20210330
경기 파주시,46617,[경기 파주] 헤이리 트릭아트 박물관,경기 파주시 탄현면 헤이리마을길 93-53,20210330
경기 파주시,52571,[경기 파주] 잇츠콜라 박물관,경기 파주시 탄현면 헤이리마을길 76-40,20210330
경기 파주시,52572,[경기 파주] 대중문화수집관 레트로보이즈,경기 파주시 탄현면 헤이리마을길 59-101,20210330
경기 파주시,52573,[경기 파주] 헤이리 트릭아트 박물관,경기 파주시 탄현면 헤이리마을길 93-53,20210330
경기 파주시,52577,[경기 파주] 아스카 게임박물관 + 대중문화수집관(레트로보이즈),"경기 파주시 탄현면 헤이리마을길 59-101 (헤이리 케이트 4,5번에서 200m 1층 아스카 게임박물관)",20210330
경기 파주시,52581,[경기 파주] 아스카게임박물관(키덜트),경기 파주시 탄현면 헤이리마을길 59-101,20210330
경기 포천시,24555,[경기 포천] 산사원 : 전통주 갤러리,경기 포천시 화현면 화동로432번길 25,20210330
경기 포천시,46603,[경기 포천] 신북온천 스프링폴 + 허브아일랜드,경기 포천시 신북면 청신로 571,20210330
경기 포천시,51625,[경기 포천] 허브아일랜드,경기 포천시 신북면 청신로947번길 35,20210330
경기 포천시,55387,[경기 포천] 허브아일랜드,경기 포천시 신북면 청신로947번길 35,20210330
경기 포천시,61372,[경기 포천] 허브아일랜드,경기 포천시 신북면 청신로947번길 35,20210330
경기도 시흥시,140,[경기 시흥] 창조자연사 박물관 입장권,경기도 시흥시 신천동 184-1,20210330
경북 경산시,23838,[경북 경산]공룡박물관,경북 경산시 남산면 하대리 370,20210330
경북 경주시,37271,[경북 경주] 또봇정크 아트뮤지엄,경북 경주시 경감로 614,20210330
경북 경주시,41560,[경북 경주] 한국대중음악박물관,경북 경주시 엑스포로 9,20210330
경북 경주시,41582,[경북 경주] 혼자수미술관,경북 경주시 중앙로 23,20210330
경북 경주시,46027,[경북 경주] 한국대중음악박물관,경북 경주시 엑스포로 9,20210330
경북 경주시,46037,[경북 경주] 혼자수미술관,경북 경주시 중앙로 23,20210330
경북 경주시,46686,[경북 경주] 디오라마월드,경북 경주시 보문로 402-31,20210330
경북 경주시,46914,[경북 경주] 혼 자수 미술관 ~12월,경북 경주시 중앙로 23,20210330
경북 경주시,50264,[경북 경주] 혼자 수 미술관 2월,경북 경주시 중앙로 23,20210330
경북 경주시,50718,[경북 경주] 한국대중음악박물관,경북 경주시 엑스포로 9,20210330
경북 경주시,53245,[경북 경주] 한국대중음악박물관,경북 경주시 엑스포로 9,20210330
경북 경주시,53621,[경주] 또봇정크아트(경주엑스포통합이용권 포함),경북 경주시 경감로 614,20210330
경상북도 경주시,66755,[경주] 황룡사역사문화관,경상북도 경주시 임해로 64-19,20210330
경상북도 경주시,66772,[경북 경주] 김유신장군묘,경상북도 경주시 임해로 64-19,20210330
대구 달성군,46490,[파주] 이연호 마술&버블쇼,대구 달성군 가창면 가창로 891,20210330
대구 달성군,52585,[경기 파주] 이연호 마술&버블쇼,대구 달성군 가창면 가창로 891,20210330
대전 유성구,37711,[대전 유성] 인생사진관 2 ★2주년 특가,대전 유성구 엑스포로 39,20210330
대전 중구,41731,주노플로 STATUES KOREA TOUR - 대전,대전 중구 대흥로175번길 25,20210330
대전 중구,46056,[대전 중구]소프라임 공방&파티룸,대전 중구 선화서로 1,20210330
부산 기장군,40036,[부산 기장] 반고흐 빌리지展★전시,부산 기장군 기장읍 기장해안로 98,20210330
부산 기장군,40038,[부산 기장] 본다빈치스퀘어 감성사진관★전시,부산 기장군 기장읍 기장해안로 98,20210330
부산 남구,44885,[부산 남구] 달콤한 로맨스 연극 우연히 봄,부산 남구 수영로 298 지하 (초콜릿 팩토리 소극장),20210330
부산 부산진구,39733,[부산 부산진구] 메모리즈 10 : 에릭남&크러쉬 크리스마스공연,부산 부산진구 가야대로 772,20210330
부산 부산진구,39882,[부산 부산진구] 세젤예展: 세상에서 제일 예쁜 나 ★전시,부산 부산진구 동천로 58,20210330
부산 부산진구,41732,주노플로 STATUES KOREA TOUR - 부산,부산 부산진구 부전로 94,20210330
부산 부산진구,46157,[부산 진구] 서면 마녀의 초대장 ★전시,부산 부산진구 동천로 58,20210330
부산 서구,56574,[부산 서구] 파티드갤러리 (주)피규어갤러리,부산 서구 암남공원로 181,20210330
부산 중구,30486,[부산 중구] 트릭아이 미술관 입장권,부산 중구 동광동3가 44-1,20210330
부산 중구,47194,[경남]부산거제통영남해  투어패스,부산 중구 용두산길 37-30,20210330
부산 중구,53176,[부산 중구] 부산타워 용두산 전망대 :  4월,부산 중구 용두산길 37-30,20210330
부산 중구,54538,[부산 중구] 부산타워 용두산 전망대 :  5월,부산 중구 용두산길 37-30,20210330
부산 중구,55932,[부산 중구] 부산타워 용두산 전망대 :  6월,부산 중구 용두산길 37-30,20210330
부산 중구,57157,[부산 중구] 부산타워 전망대 : 7월,부산 중구 용두산길 37-30,20210330
부산 중구,57176,[단독특가] 부산타워 전망대,부산 중구 용두산길 37-30,20210330
부산 중구,58644,[부산 중구] 부산 영화체험박물관,부산 중구 대청로126번길 12,20210330
부산 중구,58682,[부산 중구] 부산 영화체험박물관X트릭아이뮤지엄,부산 중구 대청로126번길 12,20210330
부산 중구,58688,[부산] 부산타워 용두산 전망대 9월,부산 중구 용두산길 37-30,20210330
부산 중구,58725,[부산] 트릭아이 뮤지엄,부산 중구 대청로126번길 12,20210330
부산 중구,60884,[부산] 부산타워 용두산 전망대 10월,부산 중구 용두산길 37-30,20210330
부산 중구,63143,[부산] 부산타워 용두산 전망대 12월,부산 중구 용두산길 37-30,20210330
부산 중구,64282,[부산] 부산타워 용두산 전망대 1월,부산 중구 용두산길 37-30,20210330
부산 해운대구,39768,[부산 해운대] 신카이마코토 展★전시,부산 해운대구 APEC로 55,20210330
부산 해운대구,48266,"[부산 해운대] 뮤지엄 DAH 완전한 세상, Maximalia",부산 해운대구 센텀서로 20,20210330
부산 해운대구,63339,[2020어워즈★] 부산 엑스더스카이,부산 해운대구 달맞이길 30,20210330
부산광역시 해운대구,66214,[★화이트데이] 부산 엑스더스카이 특가,부산광역시 해운대구 달맞이길 30,20210330
서울 강남구,36111,[서울 강남] 피규어뮤지엄 W(키덜트),서울 강남구 청담동 84-9,20210330
서울 강남구,38898,[서울 강남] 마녀의 초대장★전시,서울 강남구 강남대로 346,20210330
서울 강남구,38967,[서울 강남] 나의어린왕자에게展,서울 강남구 선릉로 807,20210330
서울 강남구,39353,[서울 강남] 코엑스 2018 서울 디저트쇼,서울 강남구 봉은사로 524,20210330
서울 강남구,39383,[서울 강남] 산타와 빈양말 : 어린이 뮤지컬,서울 강남구 영동대로 416,20210330
서울 강남구,39891,[서울 강남] 피에르앤쥘 Pierre et Gilles ★전시,서울 강남구 선릉로 807,20210330
서울 강남구,41690,[서울 강남] 러빙빈센트展 ★전시,서울 강남구 봉은사로 120,20210330
서울 강남구,41725,[서울 강남] 러빙빈센트展 오픈특가 ★전시,서울 강남구 봉은사로 120,20210330
서울 강남구,42538,[서울 강남] 뮤지엄 테라피 디어 브레인展,서울 강남구 선릉로 807,20210330
서울 강남구,43289,[서울 강남] 클럽케이 : 찜질스파,서울 강남구 선릉로 524,20210330
서울 강남구,44040,[서울 강남] 프렌치 팝아트 : 피에르쥘의 포트레이트,서울 강남구 선릉로 807,20210330
서울 강남구,45339,[서울 강남] 라틴크루즈 파티,서울 강남구 압구정로11길 37-53,20210330
서울 강남구,45763,[서울 강남] 오즈의 미술관展,서울 강남구 선릉로 807,20210330
서울 강남구,45999,[서울 강남]  KISS : LOVE IS THE MOMENT 키스展 전시,서울 강남구 선릉로 807,20210330
서울 강남구,46063,[서울 강남] 서울 신사동 인생사진관,서울 강남구 강남대로158길 26,20210330
서울 강남구,46434,[서울 강남] 서울 신사동 인생사진관3 특가★,서울 강남구 강남대로158길 26,20210330
서울 강남구,46762,[서울 강남]  KISS : LOVE IS THE MOMENT 키스展 전시 핫딜★,서울 강남구 선릉로 807,20210330
서울 강남구,47490,[서울 강남]  KISS : LOVE IS THE MOMENT 키스展 전시 ★특가,서울 강남구 선릉로 807,20210330
서울 강남구,47961,[초특가!] 한정수량★ 알렉산더 칼더전 초특가,서울 강남구 선릉로 807,20210330
서울 강남구,48328,[서울 강남]칼더展 얼리버드,서울 강남구 선릉로 807,20210330
서울 강남구,49192,[서울 강남] 피규어뮤지엄 W(키덜트),서울 강남구 청담동 84-9,20210330
서울 강남구,49517,"[서울 강남] 알렉산더 칼더,  모빌을 상상하다展",서울 강남구 선릉로 807,20210330
서울 강남구,49970,[서울 강남] 알렉산더 칼더展 야놀자 특가,서울 강남구 선릉로 807,20210330
서울 강남구,50961,"[서울 강남] 알렉산더 칼더,  모빌을 상상하다展 (특가)",서울 강남구 선릉로 807,20210330
서울 강남구,52810,[서울 코엑스] 2020 서울국제주류박람회,서울 강남구 영동대로 513,20210330
서울 강남구,53219,"[야놀자특가] 알렉산더 칼더,  모빌을 상상하다展",서울 강남구 선릉로 807,20210330
서울 강남구,53891,[서울 코엑스] 2020 서울국제주류박람회,서울 강남구 영동대로 513,20210330
서울 강남구,54491,[서울 강남] 코엑스 2020 슬립테크,서울 강남구 영동대로 513,20210330
서울 강남구,55961,[서울 강남] 서울 신사동 인생사진관,서울 강남구 강남대로158길 26,20210330
서울 강남구,61370,[서울 강남] 코엑스 2020 슬립테크,서울 강남구 영동대로 513,20210330
서울 강남구,64127,[서울 삼성] 코엑스  K-일러스트레이션 페어 서울 2021,서울 강남구 영동대로 513,20210330
서울 강동구,63401,[서울 강동] 브이센터,서울 강동구 아리수로61길 103,20210330
서울 강동구,65594,[서울 강동] 브이센터(3월~),서울 강동구 아리수로61길 103,20210330
서울 광진,43017,[서울 광진] 누보로망 삼국지 전시,,20210330
서울 광진구,39566,[서울 광진] 더 몬스터 페스티벌 인 크리스마스,서울 광진구 능동로 209,20210330
서울 광진구,40095,[서울 광진] 더몬스터페스티벌 인 크리스마스★핫딜,서울 광진구 능동로 209,20210330
서울 광진구,43060,[서울 광진] 본다빈치스퀘어 감성사진관★전시,서울 광진구 광나루로 441,20210330
서울 광진구,46783,[서울 능동] 어린이대공원 애니스토리 캣츠,서울 광진구 능동로 216,20210330
서울 노원구,39636,[서울 노원] 라면에 파송송 뮤지컬,서울 노원구 석계로7길 12-8,20210330
서울 마포구,25,[서울 홍대] 러브뮤지엄 : 이색전시회,서울 마포구 홍익로3길 20,20210330
서울 마포구,20143,[서울 홍대] 트릭아이 뮤지엄 패키지,서울 마포구 홍익로3길 20,20210330
서울 마포구,39832,[서울 마포] 그놈은 예뻤다. : 홍대 개그연극,서울 마포구 어울마당로 94-8,20210330
서울 마포구,39861,[서울 마포] 까브라더쇼 : 홍대 코믹연극,서울 마포구 어울마당로 94-8,20210330
서울 마포구,39890,[서울 마포] 연극 당신이주인공 12월★공연,서울 마포구 와우산로 117,20210330
서울 마포구,39944,"[서울 마포] 송구영신 특집 홍대 연극 관객과의 전쟁, 쇼미더퍼니, 홍콩쇼★ 개그공연",서울 마포구 와우산로21길 29,20210330
서울 마포구,40254,"[서울 마포] 서서농담★홍대 연극,공연",서울 마포구 잔다리로 31,20210330
서울 마포구,40268,"[서울 마포] 개그 프로듀스 18 ★홍대 연극, 공연",서울 마포구 잔다리로 31,20210330
서울 마포구,40363,"[서울 마포] 홍대연극 관객과의전쟁, 쇼미더퍼니, 홍콩쇼★개그공연",서울 마포구 와우산로21길 29,20210330
서울 마포구,41412,[서울 마포] 그놈은 예뻤다. : 홍대 개그연극★공연,서울 마포구 어울마당로 94-8,20210330
서울 마포구,41633,[서울 마포] 연극 당신이주인공 1월★공연,서울 마포구 와우산로 117,20210330
서울 마포구,41821,"[서울 마포] 홍대연극 관객과의전쟁, 쇼미더퍼니, 홍콩쇼 2월★개그공연",서울 마포구 와우산로21길 29,20210330
서울 마포구,41944,"[서울 마포] 개그 프로듀스 18★홍대 연극, 공연",서울 마포구 잔다리로 31,20210330
서울 마포구,41977,[서울 마포] 연극 당신이주인공 2월★공연,서울 마포구 와우산로 117,20210330
서울 마포구,42896,"[서울 마포] 홍대연극 관객과의전쟁, 쇼미더퍼니, 홍콩쇼★개그공연",서울 마포구 와우산로21길 29,20210330
서울 마포구,42904,[서울 마포] 그놈은 예뻤다. : 홍대 개그연극★공연,서울 마포구 어울마당로 94-8,20210330
서울 마포구,42999,[서울 마포] 정동극장X한국자전거나라 프리미엄 문화 패키지,서울 마포구 큰우물로 76,20210330
서울 마포구,43797,[서울 마포] 홍대연극 투깝쇼 ★개그공연,서울 마포구 잔다리로 31 제이디비 스퀘어 B1층,20210330
서울 마포구,44354,[서울 마포] 홍대 뷰티인사이드展 로맨틱포토 에디션,서울 마포구 홍익로5길 30,20210330
서울 마포구,45007,[서울 마포] 개그연극 프로듀스 18 5월★공연,서울 마포구 잔다리로 31,20210330
서울 마포구,45374,"[서울 마포] [여름특집] 홍대연극 관객과의전쟁, 쇼미더퍼니, 홍콩쇼★개그공연 8월",서울 마포구 와우산로21길 29,20210330
서울 마포구,46016,[서울 마포] 뷰티인사이드전,서울 마포구 홍익로5길 30,20210330
서울 마포구,46022,[서울 마포] 홍대 트릭아이,서울 마포구 홍익로 3,20210330
서울 마포구,46365,[서울 마포] 그놈은 예뻤다 : 홍대 개그연극★공연 8월,서울 마포구 어울마당로 94-8,20210330
서울 마포구,46678,[서울 홍대] 트릭아이 뮤지엄,서울 마포구 홍익로 3,20210330
서울 마포구,46917,[서울 마포] 홍대 러브뮤지엄 1+1 특가★,서울 마포구 홍익로3길 20,20210330
서울 마포구,50030,[서울 마포] 뷰티인사이드전,서울 마포구 홍익로5길 30,20210330
서울 마포구,50075,[서울 홍대] 홍대트릭아이뮤지엄(~3/31),서울 마포구 홍익로 3,20210330
서울 마포구,52563,[주말특가★] 홍대 러브뮤지엄 : 이색데이트,서울 마포구 홍익로3길 20,20210330
서울 마포구,52992,[서울 마포] 홍대트릭아이뮤지엄(~9/30),서울 마포구 홍익로3길 20,20210330
서울 마포구,53515,[서울 마포] 뷰티인사이드전,서울 마포구 홍익로5길 30,20210330
서울 마포구,55675,[서울 마포] 뷰티인사이드 / 로맨틱 포토 에디션,서울 마포구 홍익로5길 30,20210330
서울 마포구,57170,[서울 마포] 뷰티인사이드 展 야놀자 장마실내기획전 특가★,서울 마포구 홍익로5길 30,20210330
서울 서대문,44504,[서울 서대문] 한국자전거나라와 함께하는 서대문형무소투어,,20210330
서울 서초구,41552,[서울 서초] 이매진 존레논展★전시,서울 서초구 남부순환로 2406,20210330
서울 서초구,44470,[서울 ] 2019 스프링네온파티,"서울 서초구 올림픽대로 641, 한강 서래나루",20210330
서울 서초구,44743,[서울 서초] 에릭 요한슨 사진展 :Impossible is Possible,서울 서초구 남부순환로 2406,20210330
서울 서초구,55151,[서울/양재] 제7회 대한민국국제포토페스티벌,서울 서초구 남부순환로 2406,20210330
서울 성동구,34942,[서울 성동] 서울숲 르누아르展 : 여인의향기,서울 성동구 서울숲2길 32-14,20210330
서울 성동구,38817,[서울 성동] 슈가플래닛: SUGAR PLANET,서울 성동구 서울숲2길 32-14,20210330
서울 성동구,41966,[서울 성동] 르누아르 展 +슈가플래닛PKG ★전시,서울 성동구 서울숲2길 32-14,20210330
서울 성동구,45313,[서울 성동] 좋은 꿈 꾸세요 ★전시,서울 성동구 아차산로 33,20210330
서울 성동구,46993,[성수] 뚝섬미술관 파랑새展 : 1차 얼리버드 티켓,서울 성동구 아차산로 33,20210330
서울 성동구,47154,[서울 성수] 뚝섬미술관 파랑새展 : 2차 얼리버드 티켓,서울 성동구 아차산로 33,20210330
서울 성동구,47489,[서울 성수] 뚝섬미술관 파랑새展 : 전시 ★특가,서울 성동구 아차산로 33,20210330
서울 성동구,47538,[서울 성수] 파랑새전 미술관 전시회,서울 성동구 아차산로 33,20210330
서울 성동구,52779,[온라인] 도서문화상품권 ★선착순특가,서울 성동구 성수이로10길 14,20210330
서울 성동구,52788,[온라인] 도서문화상품권,서울 성동구 성수이로10길 14,20210330
서울 성동구,57193,[★야놀자특가] 뚝섬미술관 파랑새展,서울 성동구 아차산로 33,20210330
서울 성동구,58998,[서울 성동] 인생사진관 폴더,서울 성동구 왕십리로14나길 6,20210330
서울 송파구,42005,[서울 잠실] 롯데월드몰 VR퓨처시네마 영화관,서울 송파구 올림픽로 300,20210330
서울 송파구,42253,[서울 잠실] VR퓨처시네마 : VR영화관,서울 송파구 올림픽로 300,20210330
서울 송파구,46001,[서울 잠실] 롯데월드 이용권 7월 ★특가,서울 송파구 송파대로 521,20210330
서울 송파구,50265,[서울 강남] 서울 살롱 뒤 쇼콜라,서울 송파구 송파대로 201,20210330
서울 용산구,38829,[서울 용산] 앨리스 인 원더랜드,서울 용산구 이태원로 29,20210330
서울 용산구,39376,[서울 용산] 반고흐&폴고갱 라이브 展★전시,서울 용산구 한강대로23길 55,20210330
서울 용산구,41730,주노플로 STATUES KOREA TOUR - 서울★공연,서울 용산구 이태원로 246,20210330
서울 용산구,41809,[서울 용산] 한국자전거나라의 국립중앙박물관 투어,서울 용산구 서빙고로 137,20210330
서울 용산구,45154,[서울 중구] 여행주간 3.1절 100주년 특별전 : 덕수궁 달빛산책,"서울 용산구 효창원로48길 6, 3층 (용문동)",20210330
서울 용산구,45171,[서울 종로구] 여행주간 3.1절 100주년 특별전 : 창경궁 달빛산책,"서울 용산구 효창원로48길 6, 3층 (용문동)",20210330
서울 용산구,54504,[서울 용산] 백악기 공룡의 전설,서울 용산구 한강대로23길,20210330
서울 종로,38699,[서울 종로] 심리추리극 크리미널,,20210330
서울 종로,39725,[서울 종로] 죽어야 사는 남자,,20210330
서울 종로구,37933,[서울 종로] 연극 조각,서울 종로구 대학로12길 50,20210330
서울 종로구,38799,[서울 종로] 코믹추리스릴러극 행오버,서울 종로구 대학로8가길 80,20210330
서울 종로구,38821,[서울 종로] 국민연극 라이어 1탄,서울 종로구 대학로 144,20210330
서울 종로구,39091,[서울 종로] 박물관은 살아있다+다이나믹 메이즈 : 인사동체험,서울 종로구 인사동 43,20210330
서울 종로구,39338,[서울 종로] 아드만 애니메이션 두번째 외출,서울 종로구 창의문로11길 4-1,20210330
서울 종로구,39367,[서울 종로]대학로 연극 운빨로맨스,서울 종로구 대학로10길 24,20210330
서울 종로구,39698,[서울 종로] 로맨틱코미디 연극 한뼘사이,서울 종로구 창경궁로 258-9,20210330
서울 종로구,39712,[서울 종로] 연극 술래잡기 12월,서울 종로구 대학로12길 50,20210330
서울 종로구,39731,[서울 종로] 연극 조각 12월,서울 종로구 대학로12길 50,20210330
서울 종로구,39793,[서울 종로] 마녀정원 展 ★전시,서울 종로구 인사동길 44,20210330
서울 종로구,39863,[서울 종로] 코믹추리스릴러극 행오버,서울 종로구 대학로8가길 80,20210330
서울 종로구,39871,[서울 종로] 코믹 락뮤지컬 프리즌 12월,서울 종로구 이화장길 58,20210330
서울 종로구,39928,[서울 종로] 대학로 라이어 12월,서울 종로구 대학로 144,20210330
서울 종로구,40006,[서울 종로] 옥탑방고양이 12월★공연,서울 종로구 대학로10길 24,20210330
서울 종로구,40011,[서울 종로] 영국에서 온 Made In 조선 :북한 그래픽 디자인 展★전시,서울 종로구 대학로 57,20210330
서울 종로구,40016,[서울 종로] 극적인하룻밤★공연,서울 종로구 대학로10길 5,20210330
서울 종로구,40294,[서울 종로] 대학로 라이어 1탄 1월★연극,서울 종로구 대학로 144,20210330
서울 종로구,41493,[서울 종로]안나라수마나라 1월,서울 종로구 동숭길 74,20210330
서울 종로구,41494,[서울 종로] 연극 술래잡기★공연,서울 종로구 대학로12길 50,20210330
서울 종로구,41499,[서울 종로] 옥탑방고양이 1월★공연,서울 종로구 대학로10길 24,20210330
서울 종로구,41503,[서울 종로] 극적인하룻밤★공연,서울 종로구 대학로10길 5,20210330
서울 종로구,41531,[서울 종로] 로맨틱코미디 연극 한뼘사이,서울 종로구 창경궁로 258-9,20210330
서울 종로구,41540,[서울 종로] 죽어야 사는 남자 1월★공연,서울 종로구 동숭길 74,20210330
서울 종로구,41600,[서울 종로] 연극 조각 1월★공연,서울 종로구 대학로12길 50,20210330
서울 종로구,41737,[서울 종로] AP사진전 빛이 남긴 감정 너를 다시 볼 수 있을까 ★전시,서울 종로구 세종대로 175,20210330
서울 종로구,41795,[서울 대학로] 연극 하트시그널 1월★공연,서울 종로구 대학로11길 23,20210330
서울 종로구,41797,[서울 종로] 웰메이드 감성연극 최고의사랑★공연,서울 종로구 이화장길 58,20210330
서울 종로구,41804,[서울 종로] 한국자전거나라의 국립고궁박물관,서울 종로구 효자로 12,20210330
서울 종로구,41830,[서울 종로] 옥탑방고양이 2월★공연,서울 종로구 대학로10길 24,20210330
서울 종로구,41863,[서울 종로] 연극 그녀를 믿지마세요 2월★공연,서울 종로구 대학로11길 23,20210330
서울 종로구,41899,[서울 대학로] 연극 하트시그널 2월★공연,서울 종로구 대학로11길 23,20210330
서울 종로구,42029,[서울 종로] 마녀정원  展,서울 종로구 인사동길 44,20210330
서울 종로구,42061,[서울 종로] 로맨틱코미디 연극 한뼘사이,서울 종로구 창경궁로 258-9,20210330
서울 종로구,42065,[서울 종로] 대학로 라이어 1탄 2월★연극,서울 종로구 대학로 144,20210330
서울 종로구,42096,[서울 종로] 극적인하룻밤 2월★공연,서울 종로구 대학로10길 5,20210330
서울 종로구,42658,[서울 종로] 웰메이드 감성연극 최고의사랑★공연,서울 종로구 이화장길 58,20210330
서울 종로구,42659,[서울 대학로] 연극 하트시그널 3월★공연,서울 종로구 대학로11길 23,20210330
서울 종로구,42660,[서울 종로] 연극 그녀를 믿지마세요 3월★공연,서울 종로구 대학로11길 23,20210330
서울 종로구,42661,[서울 종로] 옥탑방고양이 3월★공연,서울 종로구 대학로10길 24,20210330
서울 종로구,42933,[서울 종로] 대학로 라이어 1탄 3~4월,서울 종로구 대학로 144,20210330
서울 종로구,43043,[서울 종로] 로맨틱코미디 연극 한뼘사이 3월★공연,서울 종로구 창경궁로 258-9,20210330
서울 종로구,43057,[서울 종로] 너의 목소리가 들려 : 속 보이는 초능력 로맨틱 코미디★공연,서울 종로구 동숭길 68,20210330
서울 종로구,43690,[서울 종로] 로맨틱코미디 연극 한뼘사이 4월★공연,서울 종로구 창경궁로 258-9,20210330
서울 종로구,43694,[서울 종로] 인사동 인생네컷,서울 종로구 인사동길 7,20210330
서울 종로구,43704,[서울 종로] 옥탑방고양이 4월★공연,서울 종로구 대학로10길 24,20210330
서울 종로구,44563,[서울 종로] 한국자전거나라와 함께하는 경복궁투어,"서울 종로구 효자로 12, 국립고궁박물관",20210330
서울 종로구,44634,[서울 종로] 로맨틱코미디 연극 한뼘사이 ★ 핫딜,서울 종로구 대명길 37,20210330
서울 종로구,44968,[서울 종로] 대학로 라이어 1탄 5월 ★연극공연,서울 종로구 대학로 144,20210330
서울 종로구,45119,[서울 종로] 로맨틱코미디 연극 한뼘사이 ★공연,서울 종로구 창경궁로 258-9,20210330
서울 종로구,45302,[서울 종로] 연극 그녀를 믿지마세요 5월★공연,서울 종로구 대학로11길 23,20210330
서울 종로구,45332,[서울 대학로] 연극 하트시그널 5월★공연,서울 종로구 대학로11길 23,20210330
서울 종로구,45340,[서울 종로] 옥탑방고양이 5월★공연,서울 종로구 대학로10길 24,20210330
서울 종로구,45390,[서울 종로] 로맨스연극 연애하기좋은날,서울 종로구 동숭길 47,20210330
서울 종로구,45467,[서울 종로] 그들만의 화끈한 6번자세 핫식스★공연 6월,서울 종로구 동숭길 68,20210330
서울 종로구,45709,[서울 대학로] 연극 그녀를 믿지마세요,서울 종로구 대학로11길 23,20210330
서울 종로구,45727,[서울 대학로] 연극 하트시그널 6월★공연,서울 종로구 대학로11길 23,20210330
서울 종로구,45745,[서울 종로] 옥탑방고양이 6월★공연,서울 종로구 대학로10길 24,20210330
서울 종로구,45928,[서울 종로] 연극 나의 PS 파트너,서울 종로구 대학로8가길 30,20210330
서울 종로구,45961,[서울 종로] 대학로 연극 달콤한 의뢰인,서울 종로구 대학로 132,20210330
서울 종로구,46011,[서울 종로]대학로 연극 럭키,서울 종로구 동숭4길 16-3,20210330
서울 종로구,46013,[서울 종로] 로맨틱코미디 연극 한뼘사이 7월 ★공연,서울 종로구 창경궁로 258-9,20210330
서울 종로구,46020,[서울 대학로] 충격실화 공포잔혹극 괴담,서울 종로구 성균관로4길 42 (지즐소극장),20210330
서울 종로구,46023,[서울 종로] 로맨스연극 연애하기좋은날 7월,서울 종로구 동숭길 47,20210330
서울 종로구,46076,[서울 종로] The Flower hello심쿵전 이색전시회,서울 종로구 인사동길 44,20210330
서울 종로구,46091,[서울 종로] 대학로 연극 그녀를 믿지마세요 7월,서울 종로구 대학로11길 23,20210330
서울 종로구,46092,[서울 대학로] 연극 하트시그널 7월 ★공연,서울 종로구 대학로11길 23,20210330
서울 종로구,46140,[서울 종로] 대학로 너의 목소리가 들려 7월,서울 종로구 동숭길 39,20210330
서울 종로구,46143,[서울 종로] 대학로 연극 오마이갓 7월,서울 종로구 동숭길 68,20210330
서울 종로구,46145,[서울 종로] 로맨틱코미디 연극 한뼘사이 7월 ★핫딜★,서울 종로구 대명길 37,20210330
서울 종로구,46151,[서울 종로] 그들만의 화끈한 6번자세 핫식스★공연 7월,서울 종로구 동숭길 68,20210330
서울 종로구,46307,[서울 종로] 대학로 연극 달콤한 의뢰인 8월,서울 종로구 대학로 132,20210330
서울 종로구,46311,[서울 종로] 로맨스연극 연애하기좋은날 8월,서울 종로구 동숭길 47,20210330
서울 종로구,46355,[서울 종로] 연극 나의 PS 파트너 8월,서울 종로구 대학로8가길 30,20210330
서울 종로구,46359,[서울 대학로] 충격실화 공포잔혹극 괴담 8월,서울 종로구 성균관로4길 42,20210330
서울 종로구,46362,[서울 종로] 대학로 8월 국민연극 라이어 1탄,서울 종로구 대학로 144,20210330
서울 종로구,46370,[서울 종로] 대학로 연극 그녀를 믿지마세요 8월,서울 종로구 대학로11길 23,20210330
서울 종로구,46375,[서울 대학로] 연극 하트시그널 8월 ★공연,서울 종로구 대학로11길 23,20210330
서울 종로구,46378,[서울 종로] 옥탑방고양이 8월★공연,서울 종로구 대학로10길 24,20210330
서울 종로구,46458,[서울 종로] 로맨틱코미디 연극 한뼘사이 8월 ★공연,서울 종로구 대명길 37,20210330
서울 종로구,46465,[서울 종로] 그들만의 화끈한 6번자세 핫식스★공연 8월,서울 종로구 동숭길 68,20210330
서울 종로구,46488,[서울 종로] 대학로 너의 목소리가 들려 8월,서울 종로구 동숭길 39,20210330
서울 종로구,46493,[서울 종로] 대학로 연극 오마이갓 8월,서울 종로구 동숭길 68,20210330
서울 종로구,46721,"[서울 종로] 인사동 Hello,심쿵 展 The Flower : hello,심쿵 展 1+1 기획전★",서울 종로구 인사동길 44,20210330
서울 종로구,46802,[서울 종로] 대학로 너의 목소리가 들려 9월,서울 종로구 동숭길 39,20210330
서울 종로구,46804,[서울 종로] 그들만의 화끈한 6번자세 핫식스★공연 9월,서울 종로구 동숭길 68,20210330
서울 종로구,46805,[서울 종로] 대학로 연극 오마이갓 9월,서울 종로구 동숭길 68,20210330
서울 종로구,46852,[서울 종로] 대학로 9월 국민연극 라이어 1탄,서울 종로구 대학로 144,20210330
서울 종로구,47119,[서울 종로] 대학로 연극 오마이갓 10월,서울 종로구 동숭길 39,20210330
서울 종로구,47120,[서울 종로] 대학로 너의 목소리가 들려 10월,서울 종로구 동숭길 39,20210330
서울 종로구,47124,[서울 종로] 그들만의 화끈한 6번자세 핫식스★공연 10월,서울 종로구 동숭길 68,20210330
서울 종로구,51864,[서울 종로] 메이크브릭 안녕인사동점,서울 종로구 인사동길 49,20210330
서울 종로구,52974,"[서울 종로] The Flower hello,심쿵 展 : 이색전시회 야놀자 특가",서울 종로구 인사동길 44,20210330
서울 종로구,55652,"[서울 종로] The Flower hello,심쿵 展 : 이색전시회 야놀자 특가★",서울 종로구 인사동길 44,20210330
서울 종로구,57188,"[★야놀자특가] The Flower hello,심쿵 展 : 이색전시회",서울 종로구 인사동길 44,20210330
서울 종로구,62410,"[빼빼로위크★] The Flower hello,심쿵전 1+1특가",서울 종로구 인사동길 44,20210330
서울 중구,30330,[서울 을지로] 그레뱅뮤지엄 입장권 패키지,서울 중구 을지로 23,20210330
서울 중구,39203,[서울 동대문] 라뜰리에 11월,서울 중구 장충단로13길 20,20210330
서울 중구,39562,[서울 중구] 남산골 sunshine 미션투어,서울 중구 퇴계로34길 28,20210330
서울 중구,39874,[서울 동대문] 라뜰리에 12월★전시,서울 중구 장충단로13길 20,20210330
서울 중구,41413,[서울 동대문] 라뜰리에 1월★전시,서울 중구 장충단로13길 20,20210330
서울 중구,42347,[서울 중구] 뮤지컬 판타스틱,서울 중구 통일로 120,20210330
서울 중구,42530,[서울 을지로] 그레뱅뮤지엄 입장권 패키지,서울 중구 을지로 23,20210330
서울 중구,43263,[서울 중구] 뮤지컬 판타스틱 핫딜★공연,서울 중구 통일로 120,20210330
서울 중구,44748,[서울 마포] 한국자전거나라와 함께하는 덕수궁야경투어,서울 중구 태평로2가 353-1,20210330
서울 중구,45046,[서울] 라뜰리에 2인 입장권★1+1초특가,서울 중구 장충단로13길 20,20210330
서울 중구,45260,[마포] 덕수궁 야경투어 2인권★1+1초특가,서울 중구 태평로2가 353-1,20210330
서울 중구,45344,[서울 중구] 라뜰리에 5월,서울 중구 장충단로13길 20,20210330
서울 중구,45464,[서울]덕수궁 야경투어★1+1초특가,서울 중구 태평로2가 353-1,20210330
서울 중구,45939,[서울 중구] 라뜰리에 6월,서울 중구 장충단로13길 20,20210330
서울 중구,46087,[서울 중구] 라뜰리에 6월,서울 중구 장충단로13길 20,20210330
서울 중구,46094,[서울 중구] 뮤지컬 판타스틱 ★공연,서울 중구 통일로 120,20210330
서울 중구,47206,[서울] 서울관광패스 : 투어패스,서울 중구 삼일대로 340,20210330
서울 중구,47939,[서울 중구] 동대문 라뜰리에 11월,서울 중구 장충단로13길 20,20210330
서울 중구,49206,[서울 중구] 라뜰리에 : 이색전시,서울 중구 장충단로13길 20,20210330
서울 중구,50301,[서울 중구] 동대문 라뜰리에,서울 중구 장충단로13길 20,20210330
서울 중구,51403,[서울 중구] 동대문 라뜰리에_2월★,서울 중구 장충단로13길 20,20210330
서울 중구,51466,[1+1특가]★ 동대문 라뜰리에 2인권★특가,서울 중구 장충단로13길 20,20210330
서울 중구,52287,[서울 중구] 동대문 라뜰리에 _3월,서울 중구 장충단로13길 20,20210330
서울 중구,52544,[특가★] 동대문 라뜰리에 커플권,서울 중구 장충단로13길 20,20210330
서울 중구,53237,[특가★] 동대문 라뜰리에 커플권 1+1,서울 중구 장충단로13길 20,20210330
서울 중구,53574,[서울 중구] 동대문 라뜰리에 _4월,서울 중구 장충단로13길 20,20210330
서울특별시 성동구,45651,[서울 성동] 빨강머리앤 : 전시회,"서울특별시 성동구 서울숲2길 32-14, 갤러리아포레 B1 MMM",20210330
서울특별시 성동구,46788,[서울 성동] 내 이름은 빨강머리 앤 야놀자 특가 ★,"서울특별시 성동구 서울숲2길 32-14, 갤러리아포레 B1 MMM",20210330
서울특별시 성동구,51458,[서울 성동] 빨강머리앤 : 전시회,"서울특별시 성동구 서울숲2길 32-14, 갤러리아포레 B1 MMM",20210330
서울특별시 성동구,52303,[서울 성동] 빨강머리앤 : 전시회 3월,"서울특별시 성동구 서울숲2길 32-14, 갤러리아포레 B1 MMM",20210330
울산 동구,41691,[울산 동구] THE GREAT GRAFFITI : 위대한 낙서展 ★전시,울산 동구 명덕로 10,20210330
인천 부평구,46463,[인천 부평] 인생네컷 부평점,인천 부평구 부평문화로66번길 21,20210330
전남 여수시,42028,[전남 여수] 여수 테디베어 뮤지엄,전남 여수시 박람회길 1,20210330
전남 여수시,42136,[전남 여수] 여수 엑스포 기념관,전남 여수시 박람회길 1,20210330
전남 여수시,46876,[전남 여수] 예술랜드 : 이색전시,전남 여수시 돌산읍 무술목길 142-1,20210330
전남 여수시,55966,[전남 여수] 판타지아드림 서커스,전남 여수시 돌산읍 무술목길 142-1,20210330
전남 여수시,59808,[전남 여수] 판타지아드림 서커스,전남 여수시 돌산읍 무술목길 139,20210330
전남 여수시,60863,[여수] 여수예술랜드 미디어아트 / 조각공원 / 트릭아트,전남 여수시 돌산읍 무술목길 142-1,20210330
전남 여수시,61882,[할로윈특가★] 전남 여수예술랜드 테마파크,전남 여수시 돌산읍 무술목길 142-1,20210330
전남 여수시,62126,[전남 여수] 여수 테디베어 뮤지엄,전남 여수시 박람회길 1,20210330
전남 여수시,62161,[★선착순특가★] 여수 예술랜드 리조트 바우처 특가,전남 여수시 돌산읍 무술목길 142-1,20210330
전남 여수시,62368,[전남 여수] 여수테디베어 + 아쿠아플라넷 여수 PKG,전남 여수시 박람회길 1,20210330
전남 여수시,62371,[전남 여수] 여수 테디베어 + 여수 해상케이블카 PKG,전남 여수시 박람회길 1,20210330
전남 여수시,62411,[전남 여수] 테디베어 뮤지엄+여수지역PKG,전남 여수시 박람회길 1,20210330
전남 여수시,62680,[전남 여수] 판타지아드림 서커스,전남 여수시 돌산읍 무술목길 139,20210330
전남 여수시,62700,[전남 여수] 판타지아드림 + 미남크루즈 패키지,전남 여수시 돌산읍 무술목길 139,20210330
전남 여수시,63949,[여수] 여수예술랜드 리조트 ★단독특가,전남 여수시 돌산읍 무술목길 142-1,20210330
전남 여수시,64509,[여수] 여수예술랜드 리조트 ★단독특가,전남 여수시 돌산읍 무술목길 142-1,20210330
전남 여수시,65111,[전남 여수] 여수테디베어 + 아쿠아플라넷 여수 PKG,전남 여수시 박람회길 1,20210330
전남 여수시,65542,[★봄나들이] 여수 예술랜드,전남 여수시 돌산읍 무술목길 142-1,20210330
전남 여수시,65547,[★봄나들이] 여수예술랜드 리조트 ★단독특가,전남 여수시 돌산읍 무술목길 142-1,20210330
전남 여수시,66599,[★특가] [여수] 여수예술랜드 미디어아트 / 조각공원 / 트릭아트,전남 여수시 돌산읍 무술목길 142-1,20210330
전남 여수시,66605,[특가★][전남 여수] 판타지아드림 서커스,전남 여수시 돌산읍 무술목길 139,20210330
전북 군산시,50767,[전북 군산] 테디베어 박물관,전북 군산시 구영7길 37,20210330
전북 전주시,45396,[전북 전주] 한옥마을 전주난장,전북 전주시 완산구 은행로 13,20210330
전북 전주시,60368,[전북 전주] 전주난장 추억의 7080 테마공원,전북 전주시 완산구 은행로 13,20210330
제주특별자치도 서귀포시,32764,[제주 안덕] 피규어뮤지엄 제주,제주특별자치도 서귀포시 안덕면 상창리 1875-8,20210330
제주특별자치도 서귀포시,32771,[제주 서귀포] 믿거나말거나 박물관,제주특별자치도 서귀포시 중문관광로110번길 32,20210330
제주특별자치도 서귀포시,32773,[제주 중문] 플레이케이팝 박물관,제주특별자치도 서귀포시 중문관광로110번길 15,20210330
제주특별자치도 서귀포시,32782,[제주 서귀포] 아프리카 박물관,제주특별자치도 서귀포시 대포동 1833,20210330
제주특별자치도 서귀포시,32792,[제주 대정] 초콜릿박물관,제주특별자치도 서귀포시 대정읍 일주서로3000번길 144,20210330
제주특별자치도 서귀포시,32799,[제주 안덕] 세계자동차 박물관 + 음료증정,제주특별자치도 서귀포시 안덕면 중산간서로 1610,20210330
제주특별자치도 서귀포시,32802,[제주 표선] 민속촌 : 제주의 전통 체험,제주특별자치도 서귀포시 표선면 민속해안로 631-34,20210330
제주특별자치도 서귀포시,32805,[제주 서귀포] 테디베어 뮤지엄 : 이색박물관,제주특별자치도 서귀포시 중문관광로110번길 31,20210330
제주특별자치도 서귀포시,32806,[제주 중문] 퍼시픽랜드,제주특별자치도 서귀포시 중문관광로 154-17,20210330
제주특별자치도 서귀포시,32808,[제주 안덕] 항공우주박물관,제주특별자치도 서귀포시 안덕면 녹차분재로 218,20210330
제주특별자치도 서귀포시,32828,[제주 안덕] 건강과 성 박물관,제주특별자치도 서귀포시 안덕면 감산리 1736,20210330
제주특별자치도 서귀포시,32852,[제주 성산] 공룡휴게소박물관,제주특별자치도 서귀포시 성산읍 난산로 293,20210330
제주특별자치도 서귀포시,32878,[제주 표선] 세계술박물관 : 이색박물관,제주특별자치도 서귀포시 표선면 한마음초등로 431,20210330
제주특별자치도 서귀포시,36163,[제주 서귀포시] 망고레이 송악산점,제주특별자치도 서귀포시 대정읍 형제해안로 316,20210330
제주특별자치도 서귀포시,36166,[제주 서귀포] 베이힐풀빌라 나니아레스토랑,제주특별자치도 서귀포시 예래로 424,20210330
제주특별자치도 서귀포시,36170,[제주 서귀포] 서귀포 KAL호텔 살레뷔페,제주특별자치도 서귀포시 칠십리로 242,20210330
제주특별자치도 서귀포시,36242,[제주 서귀포시] 이디BBQ 해비치호텔앤드리조트,제주특별자치도 서귀포시 표선면 민속해안로 537,20210330
제주특별자치도 서귀포시,36244,[제주 서귀포시] 중문국제컨벤션센터 델리지아 뷔페,제주특별자치도 서귀포시 중문관광로 224,20210330
제주특별자치도 서귀포시,36268,[제주 서귀포시] 마린파크,제주특별자치도 서귀포시 안덕면 서광리 825,20210330
제주특별자치도 서귀포시,36466,[제주 서귀포시] 해양동물박물관 : 이색동물박물관,제주특별자치도 서귀포시 성산읍 서성일로 689-21,20210330
제주특별자치도 서귀포시,37161,[제주 안덕] 본태박물관,제주특별자치도 서귀포시 안덕면 산록남로762번길 69,20210330
제주특별자치도 서귀포시,37743,[제주 서귀포] 공룡휴게소박물관,제주특별자치도 서귀포시 성산읍 난산로 293,20210330
제주특별자치도 서귀포시,37745,[제주 서귀포] 이상한나라의앨리스 : 이색체험전시,제주특별자치도 서귀포시 안덕면 중산간서로 1881,20210330
제주특별자치도 서귀포시,37875,[제주 안덕] 항공우주박물관 : 이색박물관,제주특별자치도 서귀포시 안덕면 녹차분재로 218,20210330
제주특별자치도 서귀포시,37877,[제주 안덕] 세계자동차+피아노박물관 : 이색전시회,제주특별자치도 서귀포시 안덕면 중산간서로 1610,20210330
제주특별자치도 서귀포시,37878,[제주 안덕] 피규어뮤지엄 : 이색전시,제주특별자치도 서귀포시 안덕면 한창로 243,20210330
제주특별자치도 서귀포시,38500,[제주 서귀포] 앨리스 : 인투더레빗홀,제주특별자치도 서귀포시 안덕면 중산간서로 1878,20210330
제주특별자치도 서귀포시,38537,[제주 서귀포] 토이파크 : 이색전시,제주특별자치도 서귀포시 안덕면 동광로 267-7,20210330
제주특별자치도 서귀포시,39086,[제주 성산] 블루마운틴 : 커피랜드,제주특별자치도 서귀포시 성산읍 중산간동로 4255,20210330
제주특별자치도 서귀포시,40183,[제주 안덕] 바이나흐튼 크리스마스 박물관,제주특별자치도 서귀포시 안덕면 평화로 654,20210330
제주특별자치도 서귀포시,42192,[제주 서귀포] 다이나믹 메이즈,제주특별자치도 서귀포시 표선면 번영로 2644,20210330
제주특별자치도 서귀포시,42670,[제주 서귀포] 세계자동차&피아노박물관+항공우주박물관,제주특별자치도 서귀포시 안덕면 중산간서로 1610,20210330
제주특별자치도 서귀포시,42671,[제주 서귀포] 세계자동차 박물관+유리의성,제주특별자치도 서귀포시 안덕면 중산간서로 1610,20210330
제주특별자치도 서귀포시,43349,[제주 서귀포] 토이파크+퍼시픽랜드공연,제주특별자치도 서귀포시 안덕면 동광로 267-7,20210330
제주특별자치도 서귀포시,43350,[제주 서귀포] 토이파크+세계자동차박물관,제주특별자치도 서귀포시 안덕면 동광로 267-7,20210330
제주특별자치도 서귀포시,43700,[제주 서귀포] 점보빌리지 + 베스트관광지,제주특별자치도 서귀포시 안덕면 평화로319번길 31-11,20210330
제주특별자치도 서귀포시,43714,[제주 서귀포] 점보빌리지 + 주변관광지,제주특별자치도 서귀포시 안덕면 평화로319번길 31-11,20210330
제주특별자치도 서귀포시,43734,[제주 서귀포] 점보빌리지 + 체험 관광지,제주특별자치도 서귀포시 안덕면 평화로319번길 31-11,20210330
제주특별자치도 서귀포시,43749,[제주 서귀포] 점보빌리지 + 키즈관광지,제주특별자치도 서귀포시 안덕면 평화로319번길 31-11,20210330
제주특별자치도 서귀포시,44155,[제주 서귀포] 마린스테이지+항공우주박물관,제주특별자치도 서귀포시 중문관광로 154-17,20210330
제주특별자치도 서귀포시,44245,[제주 서귀포] 세계자동차&피아노박물관 + 포레스트 사파리,제주특별자치도 서귀포시 안덕면 중산간서로 1610,20210330
제주특별자치도 서귀포시,44703,[제주 서귀포] 피규어뮤지엄+공룡랜드(키덜트),제주특별자치도 서귀포시 안덕면 한창로 243,20210330
제주특별자치도 서귀포시,44727,[제주 서귀포] 아프리카 박물관,제주특별자치도 서귀포시 이어도로 49,20210330
제주특별자치도 서귀포시,44849,[제주 안덕] 오설록  티뮤지엄 : 이색전시,제주특별자치도 서귀포시 안덕면 신화역사로 15,20210330
제주특별자치도 서귀포시,45317,[제주 서귀포] 세계자동차&피아노박물관 여기가볼래,제주특별자치도 서귀포시 안덕면 중산간서로 1610,20210330
제주특별자치도 서귀포시,45859,[제주 서귀포] 믿거나말거나 박물관,제주특별자치도 서귀포시 중문관광로110번길 32,20210330
제주특별자치도 서귀포시,45887,[제주 서귀포] 상효원+세계자동차&피아노박물관,제주특별자치도 서귀포시 산록남로 2847-37,20210330
제주특별자치도 서귀포시,45896,[제주 서귀포] 제주민속촌+휴애리,제주특별자치도 서귀포시 표선면 민속해안로 631-34,20210330
제주특별자치도 서귀포시,45898,[제주 서귀포] 제주민속촌+에코랜드 : 이색전시체험,제주특별자치도 서귀포시 표선면 민속해안로 631-34,20210330
제주특별자치도 서귀포시,45906,[제주 서귀포] 제주민속촌+코코몽에코파크,제주특별자치도 서귀포시 표선면 민속해안로 631-34,20210330
제주특별자치도 서귀포시,45909,[제주 서귀포] 제주민속촌+서프라이즈테마파크 : 이색테마파크,제주특별자치도 서귀포시 표선면 민속해안로 631-34,20210330
제주특별자치도 서귀포시,45929,[제주 서귀포] 믿거나말거나 박물관+에코랜드,제주특별자치도 서귀포시 중문관광로110번길 32,20210330
제주특별자치도 서귀포시,46147,[제주 서귀포] 번개과학체험관 추석온라인특가★,제주특별자치도 서귀포시 토평공단로 78-27,20210330
제주특별자치도 서귀포시,46227,[제주 서귀포] 제주민속촌 여기가볼래 : 이색체험,제주특별자치도 서귀포시 표선면 민속해안로 631-34,20210330
제주특별자치도 서귀포시,46253,[제주 서귀포] 번개과학체험관+휴애리,제주특별자치도 서귀포시 토평공단로 78-27,20210330
제주특별자치도 서귀포시,46254,[제주 서귀포] 번개과학체험관+헬로키티아일랜드,제주특별자치도 서귀포시 토평공단로 78-27,20210330
제주특별자치도 서귀포시,46255,[제주 서귀포] 번개과학체험관+마린스테이지,제주특별자치도 서귀포시 토평공단로 78-27,20210330
제주특별자치도 서귀포시,46257,[제주 서귀포] 번개과학체험관+에코랜드,제주특별자치도 서귀포시 토평공단로 78-27,20210330
제주특별자치도 서귀포시,46258,[제주 서귀포] 번개과학체험관+불빛정원,제주특별자치도 서귀포시 토평공단로 78-27,20210330
제주특별자치도 서귀포시,46275,[제주 서귀포] 제주 항공우주박물관+소인국+앨리스전시회,제주특별자치도 서귀포시 안덕면 중산간서로 1878,20210330
제주특별자치도 서귀포시,46329,[제주 서귀포] 제주 항공우주박물관+믿거나말거나박물관,제주특별자치도 서귀포시 안덕면 중산간서로 1878,20210330
제주특별자치도 서귀포시,46331,[제주 서귀포] 항공우주박물관+불빛정원 : 이색전시,제주특별자치도 서귀포시 안덕면 중산간서로 1878,20210330
제주특별자치도 서귀포시,46338,[제주 서귀포] 제주 항공우주박물관+코코몽에코파크,제주특별자치도 서귀포시 안덕면 녹차분재로 218,20210330
제주특별자치도 서귀포시,46764,[제주 서귀포] 항공우주박물관 여기가볼래 : 이색박물관,제주특별자치도 서귀포시 안덕면 녹차분재로 218,20210330
제주특별자치도 서귀포시,47127,[제주] 포레스트판타지아 조각공원 : 이색전시,제주특별자치도 서귀포시 안덕면 일주서로 1836,20210330
제주특별자치도 서귀포시,50007,[제주 서귀포] 뽀로로&타요테마파크+에코랜드,제주특별자치도 서귀포시 안덕면 병악로 269,20210330
제주특별자치도 서귀포시,50012,[제주 서귀포] 뽀로로&타요테마파크+서귀포잠수함,제주특별자치도 서귀포시 안덕면 병악로 269,20210330
제주특별자치도 서귀포시,50014,[제주 서귀포] 뽀로로&타요테마파크+마린스테이지,제주특별자치도 서귀포시 안덕면 병악로 269,20210330
제주특별자치도 서귀포시,50255,[제주 서귀포] 제주 뽀로로테마파크,제주특별자치도 서귀포시 안덕면 병악로 269,20210330
제주특별자치도 서귀포시,51152,[제주 서귀포] 초콜릿 박물관,제주특별자치도 서귀포시 대정읍 일주서로3000번길 144,20210330
제주특별자치도 서귀포시,52336,[제주 표선] 제주 아리랑 혼 공연,제주특별자치도 서귀포시 표선면 번영로 2564-21,20210330
제주특별자치도 서귀포시,52517,[제주 표선] 제주 아리랑 혼 공연+근처가볼래,제주특별자치도 서귀포시 표선면 번영로 2564-21,20210330
제주특별자치도 서귀포시,52521,[제주 표선] 제주 아리랑 혼 공연+키즈가볼래,제주특별자치도 서귀포시 표선면 번영로 2564-21,20210330
제주특별자치도 서귀포시,60113,[제주 안덕] 이니스프리 제주하우스,제주특별자치도 서귀포시 안덕면 신화역사로 23,20210330
제주특별자치도 서귀포시,61354,[제주 서귀포] 망고 스튜디오,제주특별자치도 서귀포시 하신상로 358,20210330
제주특별자치도 서귀포시,61876,[제주 동부] 제주 오름 도슨트 체험 - 따라비오름,제주특별자치도 서귀포시 표선면 가시리 산 63,20210330
제주특별자치도 서귀포시,62110,[제주 안덕] 본태박물관,제주특별자치도 서귀포시 안덕면 산록남로762번길 69,20210330
제주특별자치도 서귀포시,62118,[제주 안덕] 피규어뮤지엄 : 이색전시,제주특별자치도 서귀포시 안덕면 한창로 243,20210330
제주특별자치도 서귀포시,62122,[제주 안덕] 항공우주박물관 : 이색박물관,제주특별자치도 서귀포시 안덕면 녹차분재로 218,20210330
제주특별자치도 서귀포시,62131,[제주 안덕] 세계자동차+피아노박물관 : 이색전시회,제주특별자치도 서귀포시 안덕면 중산간서로 1610,20210330
제주특별자치도 서귀포시,62353,[제주 서귀포] 건강과 성 박물관,제주특별자치도 서귀포시 안덕면 감산리 1736,20210330
제주특별자치도 서귀포시,62377,[제주 서귀포] 토이파크 : 이색전시,제주특별자치도 서귀포시 안덕면 동광로 267-7,20210330
제주특별자치도 서귀포시,62389,[제주 서귀포] 아프리카 박물관,제주특별자치도 서귀포시 이어도로 49,20210330
제주특별자치도 서귀포시,65321,[제주] 제주 해양동물박물관,제주특별자치도 서귀포시 성산읍 서성일로 689-21,20210330
제주특별자치도 서귀포시,66008,[제주 서귀포] 그대나의뮤즈,제주특별자치도 서귀포시 안덕면 신화역사로304번길 89,20210330
제주특별자치도 서귀포시,66012,[제주] 수목원길 본초족욕,제주특별자치도 서귀포시 안덕면 신화역사로304번길 89,20210330
제주특별자치도 서귀포시,66387,[★놀거리특가] 제주 그대나의뮤즈 특가,제주특별자치도 서귀포시 안덕면 신화역사로304번길 89,20210330
제주특별자치도 제주시,32765,[제주 구좌] 워터서커스,제주특별자치도 제주시 구좌읍 송당리 2764-1,20210330
제주특별자치도 제주시,32768,[제주 구좌] 석예원 천연족욕테라피,제주특별자치도 제주시 구좌읍 동백로 458,20210330
제주특별자치도 제주시,32784,[제주 제주시] 넥슨컴퓨터박물관,제주특별자치도 제주시 1100로 3198-8,20210330
제주특별자치도 제주시,32911,[제주 제주시] 유리박물관 : 이색박물관,제주특별자치도 제주시 청사로 26,20210330
제주특별자치도 제주시,36160,[제주 제주시] 제주 난타공연,제주특별자치도 제주시 선돌목동길 56-26,20210330
제주특별자치도 제주시,36223,[제주 애월] 다인리조트 라이브가든 : 이색공연식사,제주특별자치도 제주시 애월읍 애월해안로 400-9,20210330
제주특별자치도 제주시,37143,[제주 애월] 고스트타운 : 이색테마파크,제주특별자치도 제주시 애월읍 부룡수길 35-14,20210330
제주특별자치도 제주시,37605,[제주 구좌] 로봇스퀘어 : 이색전시체험관,제주특별자치도 제주시 구좌읍 해맞이해안로 1032,20210330
제주특별자치도 제주시,37874,[제주 제주시] 러브랜드 : 이색전시,제주특별자치도 제주시 1100로 2894-72,20210330
제주특별자치도 제주시,37885,[제주 제주시] 넥슨컴퓨터박물관 : 이색박물관,제주특별자치도 제주시 1100로 3198-8,20210330
제주특별자치도 제주시,39359,[제주 구좌] 한울랜드 : 이색박물관,제주특별자치도 제주시 구좌읍 동백로 458,20210330
제주특별자치도 제주시,39466,[제주 조천] 에코랜드+항공우주박물관,제주특별자치도 제주시 조천읍 번영로 1278-169,20210330
제주특별자치도 제주시,39525,[제주] 러브랜드+휴애리,제주특별자치도 제주시 1100로 2894-72,20210330
제주특별자치도 제주시,42047,[제주 제주시] 난타공연 : 이색공연,제주특별자치도 제주시 선돌목동길 56-26,20210330
제주특별자치도 제주시,45980,[제주 서귀포] 서프라이즈테마파크 + 세계자동차&피아노박물관,제주특별자치도 제주시 조천읍 남조로 2243,20210330
제주특별자치도 제주시,46525,[제주 제주시] 넥슨컴퓨터박물관+항공우주박물관 : 이색박물관,제주특별자치도 제주시 1100로 3198-8,20210330
제주특별자치도 제주시,46614,[제주 제주시] 넥슨컴퓨터박물관+믿거나말거나박물관,제주특별자치도 제주시 1100로 3198-8,20210330
제주특별자치도 제주시,46615,[제주 제주시] 넥슨컴퓨터박물관 + 세계자동차&피아노박물관 : 이색체험,제주특별자치도 제주시 1100로 3198-8,20210330
제주특별자치도 제주시,46934,[제주 구좌] 스카이워터쇼+휴애리,제주특별자치도 제주시 구좌읍 번영로 2172-80,20210330
제주특별자치도 제주시,46936,[제주 구좌] 스카이워터쇼+서귀포잠수함,제주특별자치도 제주시 구좌읍 번영로 2172-80,20210330
제주특별자치도 제주시,46945,[제주 구좌] 워터서커스 스카이워터쇼 : 이색공연,제주특별자치도 제주시 구좌읍 번영로 2172-80,20210330
제주특별자치도 제주시,47135,[제구 구좌] 스카이워터쇼+코코몽에코파크,제주특별자치도 제주시 구좌읍 번영로 2172-80,20210330
제주특별자치도 제주시,47139,[제구 구좌] 스카이워터쇼+불빛정원 : 이색관람,제주특별자치도 제주시 구좌읍 번영로 2172-80,20210330
제주특별자치도 제주시,47143,[제구 구좌] 스카이워터쇼+메이즈랜드,제주특별자치도 제주시 구좌읍 번영로 2172-80,20210330
제주특별자치도 제주시,47170,[제주 구좌] 스카이워터쇼+다이나믹메이즈,제주특별자치도 제주시 구좌읍 번영로 2172-80,20210330
제주특별자치도 제주시,47207,[제주 구좌] 스카이워터쇼 여기가볼래 : 이색공연,제주특별자치도 제주시 구좌읍 번영로 2172-80,20210330
제주특별자치도 제주시,58356,[★제주특가] 서귀포 스카이워터쇼,제주특별자치도 제주시 구좌읍 번영로 2172-80,20210330
제주특별자치도 제주시,60845,[제주 애월] 아르떼뮤지엄,제주특별자치도 제주시 애월읍 어림비로 478,20210330
제주특별자치도 제주시,61872,[제주] 제주 오름 도슨트 체험 - 왕이메오름,제주특별자치도 제주시 신대로 53,20210330
제주특별자치도 제주시,61875,[제주] 제주 오름 도슨트 체험 - 금오름,제주특별자치도 제주시 신대로 53,20210330
제주특별자치도 제주시,61877,제주 오름 도슨트 체험 - 다랑쉬오름,제주특별자치도 제주시 신대로 53,20210330
제주특별자치도 제주시,62094,[제주 제주시] 러브랜드 : 이색전시,제주특별자치도 제주시 1100로 2894-72,20210330
제주특별자치도 제주시,65318,[제주 한림] 놀라운 트릭아이미술관,제주특별자치도 제주시 한림읍 광산로 942,20210330
제주특별자치도 제주시,65319,[제주] 그리스신화 박물관,제주특별자치도 제주시 한림읍 광산로 942,20210330
제주특별자치도 제주시,66004,[제주] 아이스뮤지엄3D착시+5D영상+플레이박스VR,제주특별자치도 제주시 은수길 69,20210330
제주특별자치도 제주시,66018,[제주] 아이스뮤지엄3D착시아트+초콜릿만들기체험,제주특별자치도 제주시 은수길 69,20210330
제주특별자치도 제주시,66019,[제주] 아이스뮤지엄 3D착시아트+5D영상관,제주특별자치도 제주시 은수길 69,20210330
제주특별자치도 제주시,66197,[제주 서귀포] 유리박물관 : 이색 박물관,제주특별자치도 제주시 한경면 노을해안로 1167,20210330
제주특별자치도 제주시,66228,[제주 애월] 아르떼뮤지엄 특가,제주특별자치도 제주시 애월읍 어림비로 478,20210330
충남 당진시,30045,[충남 당진] 월드아트서커스,충남 당진시 신평면 운정리 165-5,20210330
충남 당진시,42880,[충남 당진] 월드아트서커스,충남 당진시 신평면 삽교천길 90-16,20210330
충남 당진시,56311,[충남 당진] 월드아트서커스,충남 당진시 신평면 삽교천길 90-16,20210330
충남 당진시,64627,[충남 당진] 월드아트마술쇼,충남 당진시 신평면 삽교천길 90-16,20210330
충남 홍성군,28222,[충남 홍성] 조류탐사과학관 + 4D영상체험,충남 홍성군 서부면 남당항로 934-14,20210330
충북 단양군,744,"[충북 단양] 천동동굴 : 석회동굴, 단양명소",충북 단양군 단양읍 천동리 산 17-1,20210330
충북 단양군,42429,[충북 단양] 온달관광지,충북 단양군 영춘면 온달로 23,20210330
충북 단양군,64125,[충북 단양] 천동동굴,충북 단양군 단양읍 천동리 산 17-1,20210330
